{
  "id": "",
  "name": "",
  "font_family": "iconfont",
  "css_prefix_text": "icon-",
  "description": "",
  "glyphs": [
    {
      "icon_id": "3216520",
      "name": "失败",
      "font_class": "shibai",
      "unicode": "e669",
      "unicode_decimal": 58985
    },
    {
      "icon_id": "5809167",
      "name": "对号1",
      "font_class": "duihao",
      "unicode": "e684",
      "unicode_decimal": 59012
    },
    {
      "icon_id": "9626932",
      "name": "失败",
      "font_class": "shibai1",
      "unicode": "e87c",
      "unicode_decimal": 59516
    }
  ]
}
